obs1,obs2,obs3,obs4,action
0.03197861051800904,0.15590534183857604,-0.040532308709307574,-0.2677509784773674,1
0.035096717354780566,0.35158160575836916,-0.04588732827885492,-0.5729375408081141,1
0.04212834946994795,0.15713207040250865,-0.057346079095017204,-0.2950564059492355,0
0.04527099087799812,-0.03712743110755004,-0.06324720721400191,-0.020996657799818352,0
0.04452844225584712,-0.23128801429305007,-0.06366714036999828,0.2510796146178991,0
0.03990268196998612,-0.4254457550852915,-0.058645548077640296,0.523020664516976,0
0.03139376686828029,-0.6196953846252091,-0.04818513478730077,0.7966622807594206,0
0.01899985917577611,-0.4239465111892613,-0.03225188917211236,0.48921882470722977,1
0.010520928951990884,-0.22838475004989947,-0.02246751267796776,0.18654832333281063,1
0.005953233950992895,-0.42317816178520995,-0.018736546211311548,0.47205980382602003,0
-0.0025103292847113044,-0.6180305349604984,-0.009295350134791148,0.75877883941401,0
-0.014870939983921274,-0.4227817380128064,0.005880226653489053,0.4631855029555429,1
-0.023326574744177403,-0.2277433785798157,0.015143936712599912,0.17236179835549414,1
-0.02788144231577372,-0.0328414118333511,0.018591172679709795,-0.11550548125079424,1
-0.02853827055244074,-0.228224743573585,0.01628106305469391,0.18298435972731708,0
-0.03310276542391244,-0.033339493120480485,0.019940750249240254,-0.10451835161956763,1
-0.03376955528632205,0.1614910989990239,0.0178503832168489,-0.3908439462888594,1
-0.03053973330634157,-0.03387958375040301,0.010033504291071714,-0.0925868760820916,0
-0.03121732498134963,0.16109712971634524,0.008181766769429883,-0.38208742423204634,1
-0.027995382387022726,0.35610195783945864,0.0005400182847889561,-0.6721794634696214,1
-0.020873343230233554,0.16097250417545972,-0.012903570984603473,-0.37932656028331213,0
-0.01765389314672436,0.3562753003449041,-0.020490102190269716,-0.6760499107203441,1
-0.010528387139826276,0.16144397355843632,-0.0340111004046766,-0.38988793603179406,0
-0.00729950766865755,-0.033179161148472996,-0.04180885912531248,-0.10811940199919107,0
-0.007963090891627009,0.1625162000770306,-0.0439712471652963,-0.4136941513430519,1
-0.004712766890086397,-0.031955796197189856,-0.05224513019215734,-0.13519149714034007,0
-0.0053518828140301945,-0.2262919914670963,-0.05494896013496414,0.14056196640770185,0
-0.009877722643372121,-0.03042786461466282,-0.0521377208068101,-0.16893765889096823,1
-0.010486279935665378,0.16540009693954383,-0.055516473984629465,-0.4776019923167759,1
-0.007178277996874502,-0.028895877796953545,-0.06506851383096499,-0.20292050195289463,0
-0.007756195552813572,-0.22302983762721657,-0.06912692387002288,0.06854754906041555,0
-0.012216792305357903,-0.41709613244278554,-0.06775597288881458,0.33864462070842205,0
-0.020558714954213613,-0.6111918096917581,-0.06098308047464614,0.6092150732920016,0
-0.032782551148048775,-0.41527275322507307,-0.0487987790088061,0.29796486218997725,1
-0.04108800621255024,-0.2194903784037516,-0.04283948176500656,-0.009700251574037477,1
-0.04547781378062527,-0.02378106631234131,-0.04303348679648731,-0.31558583911332966,1
-0.045953435106872095,-0.21826445917158174,-0.0493452035787539,-0.036778768741991485,0
-0.05031872429030373,-0.022470894484496545,-0.05008077895359373,-0.3446132308636989,1
-0.05076814217999366,0.17332638568420006,-0.05697304357086771,-0.6526585160579776,1
-0.04730161446630966,0.36919351357539465,-0.07002621389202726,-0.9627235236506227,1
-0.03991774419480177,0.17507882831639396,-0.08928068436503972,-0.6928359950611516,0
-0.03641616762847389,0.37131849363905056,-0.10313740426626275,-1.012236760129949,1
-0.02898979775569288,0.5676539274544731,-0.12338213946886173,-1.3354436033582928,1
-0.017636719206603417,0.37428372564338935,-0.15009101153602758,-1.083775663355631,0
-0.01015104469373563,0.18142628460241328,-0.1717665248031402,-0.8417030769049538,0
-0.006522519001687364,-0.010987275024843784,-0.18860058634123927,-0.6075813735672412,0
-0.00674226450218424,0.186201111100626,-0.2007522138125841,-0.9532394446775818,1
-0.04844258144171493,0.17801575270481618,0.03084925644096586,-0.3180446581068185,1
-0.0448822663876186,-0.017531684867988562,0.02448836327882949,-0.01579482122785897,0
-0.04523290008497837,-0.21299611363285448,0.02417246685427231,0.28451277349222587,0
-0.04949282235763546,-0.018227112728234796,0.029862722324116825,-0.0004493649931254784,1
-0.04985736461220016,0.17645411829782004,0.029853735024254317,-0.2835626757680352,1
-0.04632828224624376,-0.019080635613056868,0.024182481508893613,0.018384457115799224,0
-0.046709894958504895,0.17568631420610845,0.024550170651209596,-0.2665715914610094,1
-0.04319616867438272,0.3704494358459987,0.019218738821989406,-0.5514112137962204,1
-0.03578717995746275,0.17506290824777276,0.008190514546064998,-0.2527355853102098,0
-0.0322859217925073,-0.020175032949561078,0.0031358028398608025,0.042519487810028345,0
-0.03268942245149852,-0.21534180992164598,0.003986192596061369,0.33619013844916645,0
-0.03699625864993144,-0.020276813180677866,0.0107099953650447,0.04476690550204837,1
-0.037401794913545,-0.2155506898557269,0.011605333475085666,0.3408096000962115,0
-0.041712808710659535,-0.41083582409955066,0.018421525477009894,0.6371294668332315,0
-0.04992952519265055,-0.21597554759209933,0.031164114813674523,0.35030426760299666,1
-0.054249036144492536,-0.021310344821574845,0.038170200165734455,0.06760901316624207,1
-0.05467524304092403,-0.21695816351011107,0.0395223804290593,0.3720862922859137,0
-0.059014406311126255,-0.41261864530281533,0.046964106274777574,0.6769643809156969,0
-0.06726677921718256,-0.2181796050111947,0.06050339389309151,0.3994297785260593,1
-0.07163037131740646,-0.02396579053377057,0.0684919894636127,0.1264192544784008,1
-0.07210968712808187,-0.21999869676545225,0.07102037455318072,0.43990007278470156,0
-0.07650966106339091,-0.4160501315591171,0.07981837600887476,0.7540983315253622,0
-0.08483066369457325,-0.22211401624042534,0.094900342639382,0.4875620309731127,1
-0.08927294401938175,-0.028450179945859494,0.10465158325884426,0.22623224864901315,1
-0.08984194761829895,0.165032580040436,0.10917622823182452,-0.031692645165148026,1
-0.08654129601749022,0.3584332971621975,0.10854237532852155,-0.2880324306330665,1
-0.07937263007424628,0.16194437571619888,0.10278172671586022,0.03681529726317523,0
-0.0761337425599223,-0.03448981475638027,0.10351803266112372,0.3600762440544562,0
-0.0768235388550499,0.15902000140437428,0.11071955754221284,0.1017453425652809,1
-0.07364313882696241,-0.03750021219443728,0.11275446439351845,0.42720576190645054,0
-0.07439314307085115,0.15585926594677463,0.12129857963164746,0.17208792410244,1
-0.07127595775191566,-0.04077112165697991,0.12474033811369627,0.5004407425707591,0
-0.07209138018505526,-0.23741040833868635,0.13474915296511145,0.8296864692089212,0
-0.07683958835182898,-0.43409159911559286,0.15134288234928986,1.1615303732403344,0
-0.08552142033414084,-0.6308253859576208,0.17457348981409654,1.497583053087087,0
-0.09813792805329326,-0.43820167142491473,0.20452515087583828,1.264103406352469,1
0.05019814176700372,0.2431267192465839,0.017366745370676884,-0.23802285227095105,1
0.0550606761519354,0.437996315801911,0.012606288325257863,-0.5251776016602934,1
0.06382060246797362,0.24269925400863973,0.0021027362920519946,-0.2285491352968374,0
0.06867458754814641,0.43779109304137886,-0.002468246413884753,-0.520568042882974,1
0.07743040940897399,0.24270397435012067,-0.012879607271544233,-0.22866391994270968,0
0.0822844888959764,0.04776842409794507,-0.017452885670398426,0.059928653363748974,0
0.0832398573779353,-0.14709899640243376,-0.016254312603123447,0.34705437941476014,0
0.08029787744988662,-0.3419860207880856,-0.009313225014828244,0.6345677421072355,0
0.07345815703412491,-0.5369768356647953,0.0033781298273164676,0.924303231375414,0
0.062718620320829,-0.3419006786289127,0.02186419445482475,0.6326838337221442,1
0.05588060674825075,-0.14709046731598563,0.03451787112926764,0.3469659207463513,1
0.05293879740193104,-0.34268596332857015,0.04145718954419466,0.6503306345111444,0
0.046085078135359635,-0.5383600957883639,0.05446380223441755,0.9557745633440112,0
0.035317876219592356,-0.34401131708089455,0.07357929350129777,0.6806881046121876,1
0.028437649877974466,-0.14998428890037477,0.08719305559354153,0.412047839303616,1
0.025437964099966973,-0.34622707175136735,0.09543401237961385,0.7308960402951505,0
0.018513422664939626,-0.1525445073542077,0.11005193318551687,0.46970921397688936,1
0.015462532517855471,0.040864782497061075,0.11944611746505465,0.2136403502499743,1
0.016279828167796693,0.2340944895371195,0.12371892447005414,-0.039105293827101706,1
0.020961717958539083,0.03743559441172856,0.1229368185935121,0.2899089704122753,0
0.021710429846773655,0.23060966750732184,0.1287349980017576,0.03838720246180061,1
0.02632262319692009,0.4236730604600858,0.12950274205099363,-0.21106787784853104,1
0.03479608440612181,0.22696020749792864,0.125281384494023,0.11949803310661639,0
0.03933528855608038,0.420085286644745,0.12767134515615533,-0.13118272060682756,1
0.04773699428897528,0.6131691746650585,0.12504769074401878,-0.38101782301378045,1
0.060000377782276446,0.41651399386039,0.11742733428374318,-0.051670076544644505,0
0.06833065765948425,0.6097735118238525,0.11639393275285029,-0.3051186326929893,1
0.0805261278959613,0.8030610478418161,0.11029156009899051,-0.558945621066663,1
0.09658734885279761,0.606577873906625,0.09911264767765725,-0.23365157377979834,0
0.10871890633093012,0.4101897610596902,0.09443961620206129,0.08857632724467124,0
0.11692270155212392,0.21384991866442676,0.09621114274695472,0.4094977170388772,0
0.12119969992541245,0.017504950489934584,0.10440109708773226,0.730895565111173,0
0.12154979893521115,-0.1788930311632819,0.11901900838995573,1.0545266967573428,0
0.11797193831194551,-0.3753743023168558,0.1401095423251026,1.3820726558892558,0
0.11046445226560839,-0.18225087766478001,0.1677509954428877,1.136283795005541,1
0.10681943471231278,-0.3791218461400254,0.19047667134299853,1.4765327714144583,0
-0.03800548701684411,0.1749021816335385,0.04350526834099345,-0.316615858432141,1
-0.03450744338417334,-0.02081157085291163,0.03717295117235063,-0.010536493201616426,0
-0.03492367480123157,0.17375809709188655,0.0369622213083183,-0.2912630410794458,1
-0.03144851285939384,-0.021870857916829994,0.031136960486729384,0.012844381025429008,0
-0.03188593001773044,0.17279103249157116,0.031393848107237964,-0.26985413372834066,1
-0.02843010936789902,0.3674512424291242,0.02599676543267115,-0.5524722961530457,1
-0.021081084519316534,0.1719740323685002,0.014947319509610237,-0.2517133696062579,0
-0.01764160387194653,-0.023358136387573197,0.00991305211748508,0.04564650125553055,0
-0.018108766599697994,-0.2186208218490352,0.01082598214259569,0.3414405280120172,0
-0.022481183036678697,-0.41389511550328556,0.017654792702836035,0.6375175803517549,0
-0.03075908534674441,-0.21902375111095634,0.03040514430987113,0.3504463268400069,1
-0.035139560368963534,-0.4145646222403131,0.03741407084667127,0.6525597999791473,0
-0.043430852813769794,-0.6101870780709836,0.050465266846254214,0.9567853023298596,0
-0.055634594375189465,-0.4157787892044532,0.06960097289285141,0.680374612887414,1
-0.06395017015927854,-0.2216890756471808,0.0832084651505997,0.4103910976757169,1
-0.06838395167222215,-0.41788603519218837,0.09141628710411404,0.7281033948832698,0
-0.07674167237606591,-0.2241387637713299,0.10597835500177943,0.4655349626827943,1
-0.0812244476514925,-0.03066138406070798,0.11528905425543531,0.20804648146300814,1
-0.08183767533270667,0.16263945909745658,0.11944998388469548,-0.046160017886233085,1
-0.07858488615075754,-0.03397478804030993,0.11852678352697081,0.28169468202422626,0
-0.07926438191156374,0.15927462425819652,0.12416067716745534,0.028619683489749137,1
-0.0760788894263998,0.35241752624301165,0.12473307083725033,-0.22245491370291903,1
-0.06903053890153957,0.15575394950733637,0.12028397256319194,0.10682511165607561,0
-0.06591545991139285,-0.04086797101648196,0.12242047479631345,0.43490525971741495,0
-0.06673281933172248,0.15232751353088364,0.13111857999066173,0.1831826420596036,1
-0.0636862690611048,0.34535336108299525,0.1347822328318538,-0.06543230427726215,1
-0.056779201839444904,0.5383112865486137,0.13347358674630858,-0.3127380690195267,1
-0.04601297610847263,0.7313042973663754,0.12721882536591805,-0.560527931485914,1
-0.031386890161145126,0.534647990216322,0.11600826673619977,-0.2306258342852504,0
-0.020693930356818685,0.3380759065216098,0.11139575005049476,0.09628040879349048,0
-0.01393241222638649,0.14154827168232234,0.11332135822636458,0.4219273754192933,0
-0.011101446792740043,0.33489764405532807,0.12175990573475044,0.1670087484610141,1
-0.004403493911633481,0.5280853583678351,0.12510008070397072,-0.0849183753198296,1
0.00615821325572322,0.7212127258145223,0.12340171319757412,-0.3356619788533246,1
0.02058246777201367,0.9143822105179549,0.11668847362050763,-0.5870247229749288,1
0.038870111982372765,1.1076932442080598,0.10494797916100905,-0.8407907808359277,1
0.06102397686653396,1.3012379560952985,0.08813216354429049,-1.098712430397413,1
0.08704873598843993,1.4950962671336423,0.06615791493634222,-1.3624939878561646,1
0.11695066133111277,1.2992106553163394,0.03890803517921893,-1.0498721185468909,0
0.14293487443743957,1.1035947551557117,0.017910592808281115,-0.7452342615219909,0
0.16500676954055382,1.2984650275599419,0.003005907577841296,-1.0322273543935487,1
0.19097607009175266,1.4935468656042403,-0.017638639510029676,-1.323965053970349,1
0.22084700740383748,1.29865209933504,-0.044117940589436654,-1.0368538714864763,0
0.24682004939053828,1.4943318373997823,-0.06485501801916618,-1.3430543399773462,1
0.27670668613853394,1.690207046862877,-0.0917161048187131,-1.6553034682405565,1
0.3105108270757915,1.4962672787739568,-0.12482217418352423,-1.3925432490858198,0
0.34043617265127063,1.3029006915938095,-0.15267303916524064,-1.1413525061958703,0
0.3664941864831468,1.1100674854307107,-0.17550008928915806,-0.9001789261911566,0
0.388695536191761,1.307077511245415,-0.1935036678129812,-1.2424872273956091,1
0.013234042124230253,-0.16226931967599795,-0.002645457520788707,0.2933055883719397,0
0.009988655730710293,0.032890249128623816,0.0032206542466500874,-0.00021050407930839343,1
0.01064646071328277,0.22796586371625807,0.0032164441650639197,-0.29187553766747365,1
0.015205777987607931,0.423041806397259,-0.002621066588285553,-0.5835423051157274,1
0.02366661411555311,0.22795667224194044,-0.014291912690600102,-0.29168620175150123,0
0.02822574756039192,0.03304138674530757,-0.020125636725630128,-0.0035448121547273503,0
0.028886575295298072,0.22844610040902605,-0.020196532968724673,-0.30250906219773294,1
0.03345549730347859,0.033617729373803945,-0.02624671421267933,-0.01626348351111595,0
0.03412785189095467,0.2291060656265766,-0.026571983882901648,-0.31711063925263605,1
0.0387099732034862,0.03437246789674983,-0.03291419666795437,-0.0329246022730289,0
0.039397422561421196,-0.16026239826495683,-0.03357268871341495,0.2491945421081163,0
0.03619217459612206,-0.3548892179241815,-0.02858879787125262,0.5311017440265973,0
0.02909439023763843,-0.1593770403303103,-0.017966762990720676,0.22954935471147875,1
0.025906849431032226,-0.3542376988202731,-0.013375775896491101,0.5165112231458726,0
0.018822095454626764,-0.15892998021723553,-0.0030455514335736497,0.21964349107703768,1
0.015643495850282053,-0.35400826498928556,0.0013473183879671039,0.5113641704294416,0
0.008563330550496342,-0.54914916906172,0.011574601796555936,0.8044713723497454,0
-0.0024196528307380578,-0.35418780290579555,0.027664029243550846,0.5154517692795997,1
-0.00950340888885397,-0.1594661232136234,0.037973064629142836,0.23161319501931216,1
-0.012692731353126437,-0.3551095213144184,0.04260532852952908,0.5360281342412456,0
-0.019794921779414804,-0.16061173193640116,0.05332589121435399,0.2570683788376216,1
-0.023007156418142827,0.033709938797501005,0.058467258791106425,-0.018329405547739985,1
-0.022332957642192806,-0.1621996429945258,0.05810067068015162,0.2922124165712362,0
-0.025576950502083324,0.03204784542014802,0.06394491901157634,0.018404823242953727,1
-0.024935993593680362,0.22619724313350456,0.06431301547643542,-0.2534370785177513,1
-0.020412048731010272,0.4203447430904458,0.05924427390608039,-0.5251612718000529,1
-0.012005153869201356,0.22444131363458653,0.04874104847007933,-0.21441404629962185,0
-0.007516327596509625,0.028657642619084572,0.04445276754408689,0.09323688336324754,0
-0.006943174744127934,0.22311519460299614,0.04631750521135184,-0.1850964890121537,1
-0.0024808708520680104,0.41754488366593584,0.04261557543110877,-0.462815766228133,1
0.005870026821250706,0.6120394780524131,0.03335926010654611,-0.741767596295619,1
0.01811081638229897,0.8066854238022588,0.01852390818063373,-1.0237682690858794,1
0.034244524858344144,1.001555824015203,-0.001951457201083858,-1.310578003116317,1
0.054275641338648206,1.1967024374416053,-0.0281630172634102,-1.6038710939432372,1
0.07820969008748031,1.3921460640018344,-0.06024043914227495,-1.9051991111451911,1
0.10605261136751701,1.587864758739319,-0.09834442136517876,-2.2159446093998727,1
0.1378099065423034,1.7837794639471096,-0.1426633135531762,-2.5372633780561085,1
0.17348549582124562,1.9797369285027213,-0.19340858111429837,-2.8700143118073993,1
0.03002884805275978,0.1567462896263992,-0.03511345289896693,-0.3311986814888545,1
0.033163773845287764,-0.03785870477959932,-0.04173742652874402,-0.04979235964128648,0
0.03240659974969578,0.15783609675142632,-0.04273327372156975,-0.3553461629791662,1
0.03556332168472431,-0.03665303365948952,-0.04984019698115308,-0.0764385580759876,0
0.03483026101153452,-0.23102637067851117,-0.05136896814267283,0.2001124460801592,0
0.030209733597964295,-0.03520878998216703,-0.04736671922106965,-0.10832230739139143,1
0.029505557798320956,0.16055879725592087,-0.04953316536889748,-0.4155649395156787,1
0.03271673374343938,-0.033827410291139476,-0.05784446415921105,-0.13890005132490268,0
0.03204018553761659,-0.22807522040386385,-0.06062246518570911,0.13498754721800083,0
0.02747868112953931,-0.42227880328725287,-0.057922714241349094,0.4079457097693263,0
0.019033105063794256,-0.6165336794249989,-0.049763800045962564,0.6818196035789224,0
0.006702431475294278,-0.8109304869992006,-0.036127407974384115,0.9584293116807877,0
-0.009516178264689732,-0.6153419072017432,-0.016958821740768362,0.6546187337048914,1
-0.021823016408724596,-0.4199879886285193,-0.003866447066670534,0.3566443383115504,1
-0.030222776181294986,-0.22481128074460666,0.003266439699560474,0.06274473221050525,1
-0.034719001796187116,-0.02973631446671196,0.004521334343770579,-0.22890582461074904,1
-0.035313728085521356,-0.22492258426863618,-5.678214844440175e-05,0.0651998552991182,0
-0.03981217977089408,-0.029799818991548932,0.0012472149575379623,-0.22750098609630848,1
-0.04040817615072506,0.1653042861292975,-0.0033028047643882076,-0.519790235055223,1
-0.03710209042813911,-0.0297710132671222,-0.01369860946549267,-0.22814990478147001,0
-0.037697510693481553,0.16554399422076937,-0.01826160756112207,-0.5251221932448815,1
-0.03438663080906616,0.3609181059114804,-0.028764051426019704,-0.8235031104132904,1
-0.027168268690836557,0.5564214876855846,-0.04523411363428551,-1.1250923411573375,1
-0.016039838937124865,0.36192063220752724,-0.06773596045743227,-0.8469337815467513,0
-0.00880142629297432,0.1677848550742396,-0.0846746360883673,-0.5762970524947346,0
-0.005445729191489527,-0.026054488404754356,-0.096200577138262,-0.31144436155233135,0
-0.0059668189595846145,-0.21968365411095075,-0.10242946436930862,-0.050582905575227155,0
-0.010360492041803629,-0.41319908401689665,-0.10344112248081316,0.20810719562464491,0
-0.018624473722141564,-0.21676180747586857,-0.09927897856832027,-0.11533118999651903,1
-0.022959709871658934,-0.4103314331291291,-0.10158560236825065,0.14445341530170486,0
-0.031166338534241517,-0.6038629322985848,-0.09869653406221655,0.40343924537111864,0
-0.043243597180213214,-0.7974567140013722,-0.09062774915479418,0.6634470218516232,0
-0.059192731460240657,-0.9912087778832452,-0.07735880871776173,0.9262743140238001,0
-0.07901690701790556,-1.1852056223268148,-0.05883332243728572,1.193678488681681,0
-0.10272101946444186,-1.37951834435124,-0.0349597526636521,1.4673562575160237,0
-0.13031138635146666,-1.5741953496238648,-0.005612627513331626,1.7489172614382147,0
-0.16179529334394396,-1.3790101053023662,0.029365717715432667,1.4544939026022599,1
-0.1893754954499913,-1.1842607434538275,0.058455595767477865,1.1711280869028267,1
-0.21306071031906784,-1.3800920430922592,0.0818781575055344,1.4815494635376716,0
-0.24066255118091304,-1.1860589293114756,0.11150914677628783,1.2155201417426449,1
-0.26438372976714253,-0.9925378983578805,0.13581954961114073,0.9597572395522969,1
-0.28423448773430016,-1.1891983331503067,0.15501469440218668,1.2918395262583238,0
-0.3080184543973063,-0.9963490712119026,0.18085148492735315,1.0514262583179723,1
-0.32794543582154434,-1.1933481752848603,0.2018800100937126,1.3949865633976462,0
0.022630325554602974,-0.1697994065932218,-0.03764088384028992,0.2503421974217539,0
0.01923433742273854,-0.36436418193763864,-0.032634039891854844,0.5309188282277859,0
0.011947053783985766,-0.5590122556005584,-0.022015663327299123,0.813142775366172,0
0.0007668086719745965,-0.7538258646305073,-0.005752807819975683,1.0988202915346652,0
-0.014309708620635549,-0.5586286607504565,0.01622359801071762,0.8043380145401484,1
-0.02548228183564468,-0.36373285243207837,0.032310358301520584,0.5168023029828293,1
-0.03275693888428625,-0.16908040274035288,0.04264640436117717,0.23447361472912126,1
-0.036138546939093304,0.025407098575809056,0.0473358766557596,-0.04445814662529651,1
-0.03563040496757712,0.21981943832087333,0.046446713723253666,-0.3218384534574764,1
-0.031234016201159655,0.02406790013438387,0.04000994465410414,-0.014877385334413684,0
-0.030752658198471977,0.2185938980515654,0.039712396947415865,-0.29467308044216706,1
-0.02638078023744067,0.022928941905997507,0.033818935338572526,0.010265326638368655,0
-0.02592220139932072,0.21754997229199138,0.0340242418713399,-0.27155841901421357,1
-0.021571201953480893,0.41217031085155315,0.02859307349105563,-0.5533187694154115,1
-0.01332779573644983,0.21665874866212756,0.0175266981027474,-0.2517660821565492,0
-0.008994620763207279,0.4115260970753508,0.012491376459616416,-0.5388696252262898,1
-0.0007640988217002629,0.21623078816347518,0.00171398395509062,-0.2422771469889568,0
0.0035605169415692407,0.41132821460939767,-0.003131558984688516,-0.5344189457625946,1
0.011787081233757194,0.21625044164567891,-0.01381993789994041,-0.24272439794883605,0
0.016112090066670772,0.02132859285073843,-0.01867442585891713,0.04556752208577852,0
0.01653866192368554,-0.17352066844479744,-0.017763075417201558,0.3323004904619521,0
0.013068248554789592,-0.36838533984129695,-0.011117065607962516,0.6193293154471381,0
0.005700541757963653,-0.17310989266228222,0.0012695207009802457,0.3231658949710934,1
0.0022383439047180083,-0.36824989828433535,0.007732838600402113,0.6162489065121913,0
-0.005126654060968699,-0.1732368311143092,0.02005781673064594,0.3260114834715895,1
-0.008591390683254884,0.021593883876880687,0.02657804640007773,0.039720799368402726,1
-0.00815951300571727,0.21632482466055905,0.027372462387445784,-0.24445942479364408,1
-0.0038330165125060895,0.4110453339065093,0.022483273891572904,-0.5283842754451464,1
0.004387890165624098,0.6058438702936522,0.011915588382669975,-0.8138987048502686,1
0.01650476757149714,0.4105607775046395,-0.004362385714335398,-0.5174917602360329,0
0.02471598312158993,0.6057438794011004,-0.014712220919056057,-0.8115461646065676,1
0.03683086070961194,0.8010642488365569,-0.030943144211187407,-1.108820248506337,1
0.052852145686343076,0.6063623104959045,-0.053119549181314146,-0.8260029797076888,0
0.06497939189626117,0.41200548735319537,-0.06963960877546792,-0.5504887628521222,0
0.07321950164332508,0.2179272302983731,-0.08064938403251036,-0.2805345046463318,0
0.07757804624929254,0.4141014550915081,-0.086260074125437,-0.5975245983728822,1
0.08586007535112271,0.6103177999233305,-0.09821056609289465,-0.9160838125732162,1
0.09806643134958931,0.8066208182360091,-0.11653224234435898,-1.2379469401914964,1
0.11419884771430949,1.0030308068023297,-0.1412911811481889,-1.5647467752156365,1
0.1342594638503561,0.8098522423483177,-0.17258611665250162,-1.3192680010399718,0
0.15045650869732244,1.0066841267828053,-0.19897147667330106,-1.660618411719851,1
-0.005070257353389283,-0.15383819681865807,-0.02517427357421421,0.29170345675012477,0
-0.008147021289762444,-0.34859232512975624,-0.019340204439211715,0.5763416311955283,0
-0.01511886779235757,-0.5434379137534466,-0.007813371815301149,0.862869689647309,0
-0.0259876260674265,-0.34821045942288364,0.009444021977645031,0.567740338963367,1
-0.032951835255884174,-0.1532222439208301,0.02079882875691237,0.2780475599854195,1
-0.03601628013430078,-0.348634641629977,0.02635977995662076,0.5772171733524087,0
-0.04298897296690032,-0.5441159519139953,0.03790412342366894,0.8780861516603979,0
-0.053871292005180225,-0.3495290213588842,0.0554658464568769,0.5975565503521802,1
-0.06086187243235791,-0.15522528290738405,0.0674169774639205,0.3228477523856418,1
-0.0639663780905056,0.03887513430118572,0.07387393251163334,0.05216410344456868,1
-0.06318887540448188,-0.15722406715045883,0.07491721458052471,0.3672098198138294,0
-0.06633335674749107,-0.3533261945953034,0.0822614109768013,0.6825429798811249,0
-0.07339988063939713,-0.1594371178031629,0.0959122705744238,0.4168504244994894,1
-0.07658862299546039,0.034204023567370345,0.10424927906441359,0.15587868510252667,1
-0.07590454252411298,0.2276908564946177,0.10736685276646411,-0.10218209107740828,1
-0.07135072539422063,0.031207100748346983,0.10532321094491595,0.22235167115173876,0
-0.0707265833792537,0.224678322422273,0.10977024436795073,-0.03533921295554915,1
-0.06623301693080823,0.4180689336259322,0.10906346010883974,-0.2914715081920275,1
-0.05787163825828959,0.22157459097844814,0.1032340299449992,0.03351991909911872,0
-0.05344014643872062,0.4150762673017813,0.10390442832698157,-0.22489039541743566,1
-0.045138621092684995,0.21863461775541082,0.09940662041863287,0.09867586726863159,0
-0.04076592873757678,0.022238882823824274,0.10138013776400549,0.42099256585789163,0
-0.04032115108110029,0.21578927581799706,0.10979998908116333,0.16191240212181524,1
-0.03600536556474035,0.4091820462602217,0.11303823712359963,-0.09421347478845776,1
-0.027821724639535916,0.60251762437491,0.11115396762783047,-0.3492035210454756,1
-0.015771372152037715,0.7958976552988493,0.10416989720692096,-0.6048714594058415,1
0.00014658095393927165,0.9894204551168228,0.09207246801880413,-0.8630115016704769,1
0.019934990056275727,1.1831763636751997,0.07481223798539459,-1.125383257731818,1
0.04359851732977972,1.377242421216907,0.052304572830758234,-1.393693815206949,1
0.07114336575411787,1.1815099312545285,0.024430696526619253,-1.085126063969574,0
0.09477356437920843,0.98607434365798,0.002728175247227776,-0.7848782535327813,0
0.11449505125236803,1.1811587024573151,-0.012969389823427852,-1.0767016202038415,1
0.13811822530151432,0.9862104615257267,-0.03450342222750469,-0.7881167456386122,0
0.15784243453202887,1.1817889156622918,-0.05026575714027694,-1.0914518126250694,1
0.1814782128452747,1.3775359842993231,-0.07209479339277833,-1.3994734661649806,1
0.20902893253126117,1.573476274710874,-0.10008426271607794,-1.7137979219656092,1
0.24049845802547865,1.3796354028996483,-0.13436022115539012,-1.453867330530606,0
0.2680911660834716,1.5761269348184537,-0.16343756776600224,-1.785331390613786,1
0.2996137047798407,1.3831752056406064,-0.19914419557827795,-1.5475977816473088,0
-0.023962032187628254,-0.1604769154818777,0.008089619515785587,0.3352167876684293,0
-0.027171570497265807,-0.35571305691530986,0.014793955269154172,0.6304397395934777,0
-0.03428583163557201,-0.1608006265543353,0.027402750061023724,0.34245235172962474,1
-0.037501844166658714,-0.35630150271243816,0.03425179709561622,0.6436489703618505,0
-0.04462787422090748,-0.5518836667881448,0.047124776502853225,0.9469182021243232,0
-0.05566554755667037,-0.3574269195035937,0.06606314054533968,0.6694064572457787,1
-0.06281408594674225,-0.16328270420320665,0.07945126969025526,0.3982338251467968,1
-0.06607974003080638,0.030627491620737135,0.0874159461931912,0.1316201985418125,1
-0.06546719019839164,-0.16563082353652125,0.09004835016402744,0.450551168427036,0
-0.06877980666912208,0.02810984216538112,0.09905937353256816,0.18755606425467863,1
-0.06821760982581446,-0.1682795475712288,0.10281049481766173,0.5097718379246722,0
-0.07158320077723904,0.02525518236695165,0.11300593157615518,0.2511757033197063,1
-0.0710780971299,-0.17128386738941392,0.1180294456425493,0.5772569533286507,0
-0.07450377447768827,0.022003216370690415,0.1295745847091223,0.3239636331062175,1
-0.07406371015027446,0.2150649859849472,0.13605385737124667,0.07478706547183347,1
-0.06976241043057552,0.40800074462181635,0.13754959868068334,-0.1720656322795488,1
-0.06160239553813919,0.600913396726855,0.13410828603509237,-0.41838932492567926,1
-0.04958412760360209,0.40417130839488413,0.1257404995365788,-0.08661626985392018,0
-0.041500701435704404,0.5972875852460264,0.12400817413950038,-0.3371333571609118,1
-0.029554949730783875,0.7904467352240127,0.11726550699628215,-0.5882820986313606,1
-0.013746015026303623,0.593894765252366,0.10549986502365494,-0.26108184191359307,0
-0.0018681197212563026,0.39743739975225767,0.10027822818538308,0.06292522109029136,0
0.00608062827378885,0.5909892870021276,0.10153673260718891,-0.19651169067399898,1
0.017900414013831405,0.39457261934035215,0.09760649879370893,0.1263963982460331,0
0.02579186640063845,0.19819769954604038,0.10013442675862959,0.4482075067141068,0
0.02975582039155926,0.39177120332065385,0.10909857689291172,0.18869209047953261,1
0.037591244457972336,0.19527124364517523,0.11287241870250238,0.5137010294006712,0
0.04149666933087584,0.38863765704670816,0.1231464392905158,0.2586111643507732,1
0.04926942247181,0.5818060586316899,0.12831866257753127,0.007166456506299879,1
0.060905543644443796,0.3850996660472259,0.12846199170765726,0.33742244062031834,0
0.06860753696538832,0.5781818493690032,0.13521044052006362,0.08784966676125522,1
0.08017117395276839,0.7711327066858019,0.13696743385528873,-0.15930416431013403,1
0.09559382808648442,0.9640550297428109,0.13378135056908605,-0.40583482432009754,1
0.11487492868134064,0.7673148127990086,0.1256646540826841,-0.07414692453497185,0
0.1302212249373208,0.9604321628973451,0.12418171559198465,-0.3246904861217208,1
0.1494298681952677,0.7637810143890218,0.11768790586955023,0.0044303862514112335,0
0.16470548848304814,0.5671851115666322,0.11777651359457846,0.33180481939755607,0
0.1760491907143808,0.37060087742809467,0.12441260998252958,0.6591846718837431,0
0.18346120826294268,0.5637918541274383,0.13759630342020443,0.4081210650694939,1
0.19473704534549144,0.36701455645604386,0.14575872472159432,0.7408230520376198,0
0.20207733647461232,0.5598556990181817,0.16057518576234672,0.49733015827309435,1
0.21327445045497595,0.36287727658118585,0.17052178892780862,0.8360032330637515,0
0.22053199598659967,0.16588770911988188,0.18724185358908366,1.177092782612044,0
-0.039073212591386776,-0.15075615823838928,0.015516404911398333,0.28939085910816126,0
-0.04208833575615456,-0.34609589306124816,0.02130422209356156,0.5869268297231762,0
-0.049010253617379526,-0.1512786926179302,0.03304275868802509,0.30103031030275634,1
-0.05203582746973813,0.043357098979655256,0.039063364894080216,0.01894879279658912,1
-0.05116868549014503,-0.1523026594292651,0.039442340750011996,0.32369624282413617,0
-0.05421473867873033,-0.3479633933347539,0.04591626560649472,0.628552123237572,0
-0.0611740065454254,-0.54369506045875,0.058487308071246163,0.9353348211070426,0
-0.0720479077546004,-0.34940867445062096,0.07719400449338701,0.6615890228546499,1
-0.07903608124361282,-0.15544088010513363,0.09042578495048001,0.3941762834579805,1
-0.08214489884571549,0.038289385336532256,0.09830931061963961,0.1313171146684185,1
-0.08137911113898484,-0.15809331731747317,0.10093565291300799,0.45332523013677983,0
-0.0845409774853343,0.03546728009829081,0.11000215751574359,0.19408679546907248,1
-0.0838316318833685,0.228857831002324,0.11388389342512505,-0.06197026093931457,1
-0.07925447526332201,0.03230285290198093,0.11264448820633875,0.2643618883155988,0
-0.07860841820528239,0.22565185616440037,0.11793172597265072,0.009223948151114936,1
-0.07409538108199439,0.41890239029017146,0.11811620493567303,-0.24404679315761235,1
-0.06571733327619096,0.6121565758920904,0.11323526907252078,-0.4972628172086691,1
-0.05347420175834915,0.8055150352753907,0.1032900127283474,-0.7522229576633059,1
-0.03736390105284134,0.9990725255881289,0.08824555357508128,-1.0106985007544507,1
-0.017382450541078762,0.8028908897037332,0.06803158355999227,-0.6916605608137376,0
-0.0013246327470040967,0.9970062668240347,0.054198372343717514,-0.9621742082290227,1
0.018615492589476597,0.8011995256597324,0.034954888179137056,-0.6529688507382878,0
0.034639483102671245,0.6056086949587896,0.0218955111643713,-0.34948717808983676,0
0.04675165700184704,0.8004125093305783,0.014905767602574565,-0.6351860928336523,1
0.0627599071884586,0.9953234202220956,0.0022020457459015173,-0.9231378471145972,1
0.08266637559290052,0.8001717885629861,-0.01626071119639043,-0.6297637084180563,0
0.09866981136416024,0.9955168305746686,-0.028855985364751556,-0.9275229722141842,1
0.11858014797565361,1.1910162653641618,-0.04740644480903524,-1.2291325256943448,1
0.14240047328293684,0.9965352835386737,-0.07198909532292214,-0.9516710696665829,0
0.16233117895371033,1.1925483463847255,-0.09102251671625379,-1.2660756428638031,1
0.18618214588140483,1.3887077571858522,-0.11634402957352985,-1.5858203831783535,1
0.21395630102512186,1.1951453755407886,-0.14806043723709691,-1.3315676612429614,0
0.23785920853593764,1.3917915187699903,-0.17469179046195615,-1.666680536654542,1
0.26569503891133744,1.5884624118940243,-0.208025401195047,-2.008295485660284,1
-0.041841884828835156,-0.18349145024047564,0.023962677823774026,0.30517354585444834,0
-0.04551171383364467,0.011280967811067327,0.030066148740862993,0.020143148034432456,1
-0.04528609447742332,0.20595912518113568,0.030469011701551644,-0.2629039940516647,1
-0.04116691197380061,0.010415807347195605,0.02521093182051835,0.039231345666471684,0
-0.040958595826856695,-0.18505842556412783,0.025995558733847783,0.3397607475210543,0
-0.04465976433813925,0.009684179398411319,0.032790773684268866,0.0553873688055751,1
-0.04446608075017102,-0.18589222275267264,0.03389852106038037,0.3582330281674688,0
-0.04818392520522447,0.008731831766524395,0.041063181623729746,0.07642892022187386,1
-0.04800928856989398,-0.18695399981079205,0.042591760028167225,0.38177941340864785,0
-0.05174836856610982,-0.38265402528351145,0.05022734829634018,0.6875814253244833,0
-0.05940144907178005,-0.18826389298149296,0.06397897680282985,0.4111245854086745,1
-0.06316672693140991,-0.3842317371510111,0.07220146851100334,0.7232719284818836,0
-0.07085136167443014,-0.190178740370608,0.08666690708064101,0.4541596034890643,1
-0.0746549364818423,-0.3864124095509003,0.09575009915042229,0.7728535284290574,0
-0.0823831846728603,-0.1927290985648236,0.11120716971900343,0.5117668575296089,1
-0.08623776664415676,0.0006651694848587852,0.12144250686959561,0.2560949524824436,1
-0.0862244632544596,-0.19596247149579,0.12656440591924448,0.584480545061212,0
-0.09014371268437539,-0.0028194224724268913,0.13825401682046873,0.33419395259270396,1
-0.09020010113382393,0.19009185910160156,0.1449378958723228,0.08810544943265552,1
-0.0863982639517919,0.3828710197748547,0.14670000486097592,-0.15556861466921112,1
-0.0787408435562948,0.18598649884862561,0.1435886325675917,0.17956128318852393,0
-0.0750211135793223,0.37879299198340055,0.14717985823136218,-0.0646020117566842,1
-0.06744525373965429,0.18190104415116334,0.1458878179962285,0.27065771409902595,0
-0.06380723285663102,0.3746726188523763,0.15130097227820902,0.027311040246458085,1
-0.05631378047958349,0.5673375032010208,0.15184719308313818,-0.21407176603117453,1
-0.044967030415563075,0.759999270812989,0.14756575776251468,-0.4552673678783815,1
-0.029767044999303292,0.9527603227107807,0.13846041040494705,-0.6980394805384775,1
-0.010711838545087678,0.7560177659483176,0.1244996207941775,-0.3651725680948945,0
0.004408516773878674,0.9491708226129894,0.11719616943227962,-0.6161512217855198,1
0.023391933226138462,1.142477280953143,0.10487314499656922,-0.8697450441615249,1
0.04624147884520132,0.946097014627398,0.08747824411333872,-0.5460168411966828,0
0.06516341913774928,0.7498618985305959,0.07655790728940506,-0.22710389294904904,0
0.0801606571083612,0.9438110159247178,0.07201582943042409,-0.49468937290876697,1
0.09903687742685556,0.747751271407018,0.06212204197224875,-0.1802076847171853,0
0.11399190285499591,0.9419317973719576,0.05851788827790504,-0.4526644903951089,1
0.13283053880243506,1.136179506985579,0.04946459847000287,-0.7263428770821238,1
0.15555412894214665,1.3305838935234895,0.0349377409283604,-1.0030561235956732,1
0.18216580681261643,1.5252221041906389,0.014876618456446934,-1.284565663217017,1
0.21267024889642921,1.3299139429207356,-0.010814694807893408,-0.9872622745040245,0
0.23926852775484392,1.1349384630251511,-0.0305599402979739,-0.6979956156912683,0
0.26196729701534693,1.330470534850997,-0.04451985261179926,-1.000140001119303,1
0.2885767077123669,1.5261583297699375,-0.06452265263418533,-1.3064653624775333,1
0.31909987430776565,1.3319108817906287,-0.09065195988373599,-1.034656994659589,0
0.34573809194357824,1.5281136021725648,-0.11134509977692778,-1.354367828628218,1
0.37630036398702954,1.3345513541493408,-0.13843245634949214,-1.098490257803817,0
0.40299139107001636,1.1414959900089634,-0.16040226150556847,-0.8522467788562831,0
0.42582131087019565,0.948881527857471,-0.17744719708269413,-0.6139902431832273,0
0.44479894142734505,1.145980961345587,-0.18972700194635866,-0.9568930922238725,1
0.46771856065425677,1.3430776475158017,-0.20886486379083613,-1.3026786911173074,1
0.00681441696459244,-0.17904442179947247,-0.012925877928102727,0.24612312329061703,0
0.0032335285286029906,-0.37397939855302664,-0.008003415462290386,0.5347010594150174,0
-0.004246059442457543,-0.17874581895500258,0.0026906057260099626,0.23950709015735272,1
-0.007820975821557594,-0.37390610325560547,0.007480747529157017,0.5330374941113631,0
-0.015299097886669704,-0.5691324623150282,0.01814149741138428,0.82806815811709,0
-0.02668174713297027,-0.3742631863684797,0.03470286057372608,0.5411456512061603,1
-0.034167010860339866,-0.17964575553642873,0.04552577359784929,0.2595958622842512,1
-0.03775992597106844,0.014797715711898835,0.050717690843534315,-0.018387190262500075,1
-0.037463971656830464,0.20915701427386868,0.05034994703828431,-0.29464664858975853,1
-0.03328083137135309,0.013354743631161625,0.044457014066489144,0.013481180457833197,0
-0.03301373649872986,-0.18237565138632356,0.04472663767564581,0.31985274289771726,0
-0.03666124952645633,-0.37810509922713575,0.051123692533600155,0.626298547803823,0
-0.04422335151099904,-0.18373264376084397,0.06364966348967661,0.3501446143221689,1
-0.04789800438621592,0.010429070955212366,0.07065255577612,0.07819216401600199,1
-0.04768942296711167,0.20447079447102837,0.07221639905644003,-0.19138968839704673,1
-0.0436000070776911,0.008394023099801057,0.0683886052884991,0.12317203758930262,0
-0.04343212661569508,0.20247293421569423,0.07085204604028515,-0.14717523308971225,1
-0.0393826679313812,0.39651250160046003,0.06790854137849091,-0.4166912512741626,1
-0.031452417899372,0.5906096370435453,0.05957471635300766,-0.6872161233729269,1
-0.01964022515850109,0.3947135628123505,0.04583039388554912,-0.3763886978528876,0
-0.011745953902254082,0.5891556284308975,0.03830261992849136,-0.6542761222637014,1
3.7158666363869275e-05,0.39352188199279875,0.025217097483217335,-0.34978251864378784,0
0.007907596306219844,0.19805053691594215,0.018221447110341578,-0.04925568061317215,0
0.011868607044538687,0.0026721104883411506,0.017236333498078134,0.24912011705919507,0
0.01192204925430551,0.1975437242037485,0.022218735839262035,-0.03807665247405201,1
0.01587292373838048,0.0021103184378118423,0.021457202789780996,0.2615328699989949,0
0.015915130107136716,-0.19331125179211237,0.026687860189760895,0.5609056807249315,0
0.012048905071294469,-0.38879738823548293,0.03790597380425953,0.8618757660541925,0
0.0042729573065848105,-0.5844144250546438,0.05514348912534338,1.1662322280551591,0
-0.007415331194508067,-0.3900517772447744,0.07846813368644656,0.8913353788277562,1
-0.015216366739403554,-0.586145539287539,0.09629484126300168,1.2076169023442813,0
-0.026939277525154334,-0.7823704587996,0.12044717930988731,1.528857636082534,0
-0.042586686701146334,-0.9787217109125255,0.151024332031538,1.8565765788121933,0
-0.062161120919396844,-0.7855468949677856,0.18815586360778186,1.614345137599356,1
-0.029944277201040592,-0.21952893721981392,0.028678805502318938,0.2597996126055785,0
-0.03433485594543687,-0.02482788242339032,0.03387479775443051,-0.023701462346517876,1
-0.03483141359390468,0.16979230999462114,0.03340076850750015,-0.30550698575520974,1
-0.03143556739401226,0.3644227605472955,0.027290628792395955,-0.5874718275789558,1
-0.02414711218306635,0.5591520969471939,0.01554119224081684,-0.8714346173200409,1
-0.01296407024412247,0.36382226356603187,-0.0018875001055839776,-0.5739063232577681,0
-0.005687624972801833,0.16872682613412507,-0.01336562657073934,-0.28181861310483663,0
-0.002313088450119331,-0.026201953063047317,-0.019001998832836074,0.0066190623070079835,0
-0.0028371275113802776,0.16918728662070387,-0.018869617586695912,-0.29199813750865017,1
0.0005466182210337998,0.36457313214074083,-0.024709580336868917,-0.590572068519107,1
0.007838080863848617,0.1698057007329102,-0.03652102170725106,-0.3057739826527405,0
0.01123419487850682,-0.024777300103480643,-0.04263650136030587,-0.024828902376533235,0
0.010738648876437207,0.1709293383832665,-0.04313307940783653,-0.33065340729154075,1
0.014157235644102538,-0.023552928950529434,-0.049746147553667346,-0.05187852803551862,0
0.013686177065091948,-0.21792758741971321,-0.05078371811437772,0.2247034369216978,0
0.009327625316697685,-0.4122883323244314,-0.046289649375943764,0.5009446984348019,0
0.0010818586702090564,-0.6067282354179568,-0.03627075540724772,0.7786878371589241,0
-0.011052706038150081,-0.4111268369522869,-0.020696998664069242,0.4748174493358168,1
-0.01927524277719582,-0.21571882124271735,-0.011200649677352905,0.17568371991873433,1
-0.023589619202050167,-0.020438379538361945,-0.007686975278978218,-0.1205114908665908,1
-0.023998386792817405,0.17479285680830375,-0.010097205096310034,-0.4156096418043606,1
-0.02050252965665133,-0.02018454260704111,-0.018409397932397247,-0.1261269793890385,0
-0.02090622050879215,-0.21503799003602175,-0.020931937520178016,0.16069160812759886,0
-0.025206980309512586,-0.4098541168079904,-0.017718105357626038,0.44669824194196056,0
-0.033404062645672396,-0.21448605150173808,-0.008784140518786827,0.1484832914576898,1
-0.03769378367570716,-0.01923942059471226,-0.005814474689633031,-0.14695785998902128,1
-0.0380785720876014,0.17596531142676483,-0.008753631889413457,-0.44146945433354917,1
-0.03455926585906611,0.37121003704789635,-0.01758302097608444,-0.7368988571182513,1
-0.027135065118108183,0.17633529347069665,-0.03232099811844947,-0.44980106838545736,0
-0.023608359248694248,-0.018314955285698736,-0.04131701948615862,-0.1674789066578703,0
-0.023974658354408224,-0.2128218824931164,-0.044666597619316024,0.11188874011554295,0
-0.028231096004270553,-0.017089298634043792,-0.04242882281700516,-0.1945449176022963,1
-0.02857288197695143,-0.21157945132672026,-0.04631972116905109,0.08445742762108382,0
-0.03280447100348584,-0.4060078806416409,-0.04463057261662941,0.36217413652523284,0
-0.04092462861631865,-0.21028092869427745,-0.03738708988612475,0.05575902697163926,1
-0.045130247190204205,-0.40484741668928337,-0.036271909346691965,0.33641556585719523,0
-0.05322719552398987,-0.2092285568548156,-0.02954359802954806,0.032518676451381734,1
-0.05741176666108618,-0.4039146565721452,-0.028893224500520426,0.31573583590084575,0
-0.06549005979252909,-0.20839331446162754,-0.02257850778250351,0.01408280668930706,1
-0.06965792608176163,-0.4031843064564806,-0.02229685164871737,0.2995573038157751,0
-0.07772161221089124,-0.5979814610794962,-0.01630570557240187,0.5851256750251227,0
-0.08968124143248117,-0.7928712611645284,-0.004603192071899414,0.8726278486067554,0
-0.10553866665577175,-0.9879303141103849,0.012849364900235692,1.163859994456376,0
-0.12529727293797943,-0.7929779960051254,0.03612656478936321,0.8752332671680487,1
-0.14115683285808195,-0.9885719404989639,0.05363123013272418,1.179051648138239,0
-0.16092827166806123,-1.184347701386877,0.07721226309548895,1.4880530810328954,0
-0.18461522569579877,-1.380320639623719,0.10697332471614686,1.8038145262449874,0
-0.21222163848827316,-1.576462533428885,0.1430496152410466,2.127735799426878,0
-0.24375088915685086,-1.3830222447457574,0.18560433122958414,1.8824524098681032,1
-0.04437873074031933,0.20694595792661663,-0.02806070295960026,-0.338016108516513,1
-0.040239811581787,0.4024557406965152,-0.034821025129930516,-0.6394140955513539,1
-0.0321906967678567,0.20783614344570062,-0.047609307040957595,-0.35789697724577746,0
-0.028033973898942688,0.40360145963255856,-0.05476724658587315,-0.6652040654724589,1
-0.019961944706291517,0.20928235479572782,-0.06807132789532233,-0.39025595937271,0
-0.01577629761037696,0.01518923251573151,-0.07587644708277654,-0.11978806161115696,0
-0.015472512960062329,-0.17876822234861048,-0.07827220831499968,0.14802475188033487,0
-0.01904787740703454,-0.37268713307090784,-0.07531171327739297,0.4150239949242345,0
-0.026501620068452695,-0.17658305691513948,-0.06701123337890828,0.09958097282095502,1
-0.030033281206755483,-0.3706838102788656,-0.06501961392248919,0.3703920784697955,0
-0.037446957412332796,-0.5648246377169373,-0.057611772353093275,0.6418856808546907,0
-0.048743450166671545,-0.7590981946109485,-0.04477405873599946,0.9158840447075687,0
-0.06392541405889052,-0.5634002929140614,-0.026456377841848087,0.6094722065911662,1
-0.07519341991717174,-0.367918691400452,-0.014266933710024764,0.30857514962756405,1
-0.08255179374518078,-0.17259639338406205,-0.008095430717473482,0.011427183595572155,1
-0.08600372161286202,-0.36760131529387674,-0.00786688704556204,0.30154495099647993,0
-0.09335574791873955,-0.1723681280057136,-0.0018359880256324408,0.006391391013130909,1
-0.09680311047885382,0.022780105703745168,-0.0017081602053698225,-0.28687024636561365,1
-0.09634750836477891,-0.1723174435369536,-0.007445565132682096,0.005273451696006515,0
-0.09979385723551798,-0.3673318275777385,-0.007340096098761966,0.29559794369318104,0
-0.10714049378707274,-0.5623483717895179,-0.0014281372248983442,0.5859569109894661,0
-0.1183874612228631,-0.36720644652722745,0.010291000994890978,0.2928244493996671,1
-0.12573159015340765,-0.17223272284803504,0.01614748998288432,0.0034048511090830624,1
-0.12917624461036836,0.022653972319712917,0.016215587005065982,-0.28413992544154604,1
-0.1287231651639741,-0.1726954580235316,0.010532788496235061,0.013612869917583537,0
-0.13217707432444475,0.022273868059449364,0.010805045894586732,-0.27572831442614765,1
-0.13173159696325576,0.21724000712838515,0.005290479606063779,-0.5649838299359361,1
-0.12738679682068807,0.022044231419663274,-0.006009196992654943,-0.2706388701413003,0
-0.1269459121922948,0.2172514160594889,-0.011421974395480948,-0.5652110536358219,1
-0.12260088387110503,0.41253173697324275,-0.022726195468197388,-0.8614704152481072,1
-0.11435024913164017,0.6079556658027939,-0.03995560377315953,-1.161211538682104,1
-0.1021911358155843,0.8035746418359646,-0.06317983454680161,-1.4661496341039597,1
-0.08611964297886501,0.9994107418356992,-0.0925028272288808,-1.7778802074270592,1
-0.06613142814215103,1.1954445257877986,-0.12806043137742198,-2.0978307807663716,1
-0.042222537626395065,1.0018218745862093,-0.17001704699274942,-1.8473219785022204,0
-0.02218610013467088,0.8089322317154042,-0.2069634865627938,-1.6119037226245043,0
-0.0007145401205085036,-0.18372368523435495,0.029890753390409083,0.33463994532074726,0
-0.004389013825195603,0.010960385621325508,0.03658355229682403,0.05153085868501761,1
-0.0041698061127690925,0.20553919160277,0.03761416947052438,-0.22938889483506675,1
-5.902228071369246e-05,0.009900481035677755,0.03302639157382305,0.07491755782864251,0
0.00013898733999986263,0.20453378250219223,0.034524742730395894,-0.2071651936490307,1
0.004229662990043707,0.3991454704394204,0.03038143885741528,-0.48876050810383626,1
0.012212572398832115,0.20360835491580956,0.020606228695338555,-0.18665942066350638,0
0.016284739497148305,0.00819773471979851,0.016873040282068427,0.11245208338657248,0
0.016448694191544273,-0.18716187722940306,0.019122081949799877,0.4104102266765821,0
0.012705456646956211,0.007683831810993386,0.02733028648333152,0.12381664556337352,1
0.012859133283176078,0.20240379092728858,0.02980661939459899,-0.160120112173103,1
0.01690720910172185,0.3970866181146483,0.02660421715113693,-0.44325279176476123,1
0.024848941464014816,0.20159852418222485,0.017739161315841703,-0.14230370010596038,0
0.028880911947659314,0.006227069237591004,0.014893087313722495,0.1559224141261455,0
0.029005453332411134,-0.18910491591471945,0.018011535596245406,0.45326630419422703,0
0.025223355014116745,-0.3844768758422534,0.027076861680129946,0.7515718142662831,0
0.01753381749727168,-0.18973858119179643,0.04210829796545561,0.46753107061686294,1
0.01373904587343575,0.0047639463329575416,0.051458919377792865,0.18841207817364164,1
0.0138343248000949,0.19911336142978364,0.0552271609412657,-0.08760390249638222,1
0.017816592028690573,0.3934019811209531,0.05347508289133806,-0.3623639712703668,1
0.025684631651109638,0.19756236533762397,0.04622780346593072,-0.0533102799298491,0
0.029635878957862117,0.3919920338017473,0.04516159786733374,-0.33105708047320337,1
0.037475719633897064,0.19625729775157705,0.03854045625786967,-0.024481339690861914,0
0.04140086558892861,0.39080595800257584,0.03805082946405243,-0.30475953554794744,1
0.049216984748980126,0.19516299254542918,0.03195563875309348,-0.00032326574747670866,0
0.05312024459988871,-0.00040232984808569183,0.03194917343814394,0.3022683114682067,0
0.053112198002927,0.19425004915464594,0.03799453966750808,0.01983020788337919,1
0.05699719898601992,0.3888071010797149,0.03839114382517566,-0.26062704331833714,1
0.06477334100761421,0.19315873836756958,0.033178602958808916,0.04391347954232311,0
0.0686365157749656,0.38778960006836405,0.03405687254965538,-0.23811941792589936,1
0.07639230777633288,0.1921980777914745,0.029294484191137393,0.06510852136207157,0
0.08023626933216237,-0.00333136343882659,0.030596654618378825,0.36688819111727716,0
0.08016964206338584,-0.19887443385371323,0.03793441844072437,0.6690595264482466,0
0.07619215338631158,-0.0042999108304015154,0.0513156089696893,0.3885577586023542,1
0.07610615516970355,0.19005753003939413,0.059086764141736386,0.11248553154243152,1
0.07990730577049143,-0.00585912189418844,0.06133647477258502,0.4232090661865772,0
0.07979012333260767,-0.20179394287390542,0.06980065609631657,0.7345802354675681,0
0.07575424447512956,-0.39780720801351055,0.08449226080566793,1.048388905249928,0
0.06779810031485935,-0.5939424388808823,0.10546003891066649,1.366353406742495,0
0.0559192515372417,-0.4002870338215802,0.13278710704551638,1.1084319638831934,1
0.047913510860810096,-0.20713617611643062,0.15495574632318027,0.8601809975764292,1
0.043770787338481484,-0.4039905079480334,0.17215936627470885,1.1972994337624339,0
0.035690977179520814,-0.211462913615493,0.1961053549499575,0.9631424004859845,1
0.04537992357343144,0.18458863556376448,-0.03761461464545492,-0.2650744634597518,1
0.04907169628470673,-0.009976820480461779,-0.04291610391464996,0.015511193758745545,0
0.04887215987509749,-0.20445786427881316,-0.04260588003947505,0.29435069364346805,0
0.044783002589521226,-0.008755200203080127,-0.03671886616660568,-0.011459243586703804,1
0.044607898585459625,0.186873584435924,-0.03694805103833976,-0.31549754266842955,1
0.0483453702741781,-0.007703119673023534,-0.04325800189170835,-0.03469194048624652,0
0.04819130788071763,-0.20217890102937033,-0.04395184070143328,0.24403495227564947,0
0.04414772986013023,-0.006457627475421696,-0.03907114165592029,-0.06218111941670601,1
0.044018577310621795,0.18920209977070715,-0.04031476404425441,-0.3669307182147778,1
0.04780261930603594,0.3848730462019876,-0.04765337840854997,-0.6720479853515391,1
0.05550008023007569,0.19044477194933299,-0.06109433811558075,-0.3947414399899514,0
0.05930897566906235,0.3863779999720576,-0.06898916691537978,-0.7060435231011313,1
0.0670365356685035,0.19227628245803266,-0.0831100373774024,-0.4358502726978229,0
0.07088206131766416,-0.0015768654098187174,-0.09182704283135885,-0.17048045276876805,0
0.07085052400946779,-0.19527270016493437,-0.09523665188673422,0.09187997186410968,0
0.0669450700061691,-0.3889097243102999,-0.09339905244945203,0.3530620159122632,0
0.0591668755199631,-0.5825880495932407,-0.08633781213120677,0.6148938612624896,0
0.047515114528098285,-0.7764042915434218,-0.07403993490595698,0.8791835426952342,0
0.031987028697229844,-0.5803586523491688,-0.05645626405205229,0.5641728862839912,1
0.020379855650246467,-0.384491908052568,-0.04517280632637247,0.25425153567789055,1
0.012690017489195106,-0.18875504737076493,-0.04008777561281465,-0.052330532140127395,1
0.008914916541779807,-0.3832799425838891,-0.0411343862556172,0.2274397370114959,0
0.0012493176901020248,-0.577790638754966,-0.03658559151538728,0.5068688770913932,0
-0.010306495084997293,-0.3821727829694165,-0.02644821397355942,0.2028846836572935,1
-0.017949950744385622,-0.18668276804009162,-0.02239052030041355,-0.09802265299349588,1
-0.021683606105187454,-0.3814767791679201,-0.024350973360283468,0.18751286095886838,0
-0.029313141688545857,-0.1860150516593504,-0.0206007161411061,-0.11275128606662593,1
-0.033033442721732864,-0.38083584863892395,-0.02285574186243862,0.17336171950854495,0
-0.04065015969451134,-0.18539436599101067,-0.01938850747226772,-0.12644293911934945,1
-0.044358047014331554,-0.38023327116796524,-0.02191736625465471,0.16006062425909062,0
-0.05196271243769086,-0.18480450930949768,-0.018716153769472898,-0.13945530241947424,1
-0.05565880262388081,0.010580433791383015,-0.02150525981786238,-0.4379836148407168,1
-0.05544719394805315,0.20600007048151195,-0.030264932114676717,-0.7373673488498311,1
-0.05132719253842291,0.40152664799241633,-0.04501227909167334,-1.0394194353218666,1
-0.043296659578574585,0.5972168489630807,-0.06580066779811067,-1.3458865619964964,1
-0.03135232259931297,0.40298109999063497,-0.09271839903804059,-1.0744948912503933,0
-0.02329270059950027,0.2091985176097166,-0.11420829686304845,-0.8122897106818036,0
-0.019108730247305937,0.40568410572694197,-0.13045409107668451,-1.1386023238089567,1
-0.010995048132767098,0.6022478915936229,-0.15322613755286366,-1.4691874872549764,1
0.0010499096991053603,0.7988765260646186,-0.18260988729796318,-1.8055472504680328,1
-0.02639950639472588,0.20976853002642315,-0.04710205345289248,-0.30794903871894924,1
-0.022204135794197416,0.015348274479620838,-0.053261034227271464,-0.03048498542296857,0
-0.021897170304604998,-0.1789710315677227,-0.05387073393573084,0.24492930486349335,0
-0.025476590935959453,0.016877312265877187,-0.04897214783846097,-0.06424737825366034,1
-0.025139044690641908,-0.1775095418266703,-0.05025709540353417,0.21259127127505817,0
-0.028689235527175314,-0.3718782692251019,-0.04600526997803301,0.4890068741528668,0
-0.03612680091167735,-0.566322005889136,-0.03622513249497567,0.7668431018889399,0
-0.04745324102946007,-0.37072053890741696,-0.02088827045719687,0.46298553058091696,1
-0.054867651807608414,-0.5655411579757801,-0.011628559845578531,0.7490120034853086,0
-0.06617847496712402,-0.37026074790020475,0.003351680224127641,0.4526924734652218,1
-0.07358368992512812,-0.17518635455969556,0.012405529693432078,0.16106791915810253,1
-0.07708741701632203,0.019755820353954845,0.01562688807659413,-0.12767571053363558,1
-0.07669230060924294,-0.17558646816963178,0.013073373865921417,0.1698960642025879,0
-0.08020402997263558,-0.3708930788619589,0.016471295149973177,0.4666744076846971,0
-0.08762189154987476,-0.5662438326341899,0.025804783303667117,0.7645031315346629,0
-0.09894676820255856,-0.37148657013341674,0.04109484593436037,0.4800502614592092,1
-0.1063764996052269,-0.17696810224543869,0.05069585116354455,0.20059738442961605,1
-0.10991586165013567,-0.3727770806260978,0.05470779885213688,0.5088316976041996,0
-0.11737140326265763,-0.17846685343255927,0.06488443280422086,0.23387848858530347,1
-0.12094074033130882,-0.374452984272727,0.06956200257592693,0.5463017183215042,0
-0.12842980001676335,-0.18037380670318434,0.08048803694235701,0.27632175051409746,1
-0.13203727615082703,-0.37654631627420343,0.08601447195263896,0.5932658186913242,0
-0.1395682024763111,-0.18272702996176118,0.09787978832646545,0.3288687875662706,1
-0.14322274307554633,-0.37909624313886303,0.10445716407779086,0.6507434848206636,0
-0.1508046679383236,-0.5755060709206288,0.11747203377420413,0.9744069609611505,0
-0.16231478935673616,-0.3821391710555142,0.13696017299342714,0.7208130115782961,1
-0.16995757277784643,-0.18915098230364677,0.15137643322499306,0.4741820766263629,1
-0.17374059242391937,0.0035454696605516367,0.16086007475752032,0.2327776801681951,1
-0.17366968303070834,0.19604716757019935,0.1655156283608842,-0.005157872694785376,1
-0.16974873967930434,0.38845631960797466,0.1654124709069885,-0.2413875554837505,1
-0.16197961328714486,0.5808766765329628,0.16058471979731348,-0.4776686341169052,1
-0.1503620797564856,0.773410412629022,0.15103134711497537,-0.7157442609683053,1
-0.13489387150390517,0.5765565075504497,0.13671646189560926,-0.37959015501718474,0
-0.12336274135289617,0.37978478714798675,0.12912465879526558,-0.04711719219860838,0
-0.11576704560993643,0.1830704521324575,0.12818231495129342,0.28335508110082014,0
-0.11210563656728728,-0.013624553624329488,0.13384941657330982,0.6135595135914325,0
-0.11237812763977387,0.17939813256702747,0.14612060684513847,0.36584954358649135,1
-0.10879016498843332,-0.01746531327679951,0.1534375977168683,0.700804608281146,0
-0.1091394712539693,-0.2143436748539987,0.1674536898824912,1.0375864755056667,0
-0.11342634475104928,-0.4112472169242234,0.18820541939260454,1.377812091889367,0
-0.0373448287177824,0.15346511717978192,-0.028264194055155054,-0.308286187771425,1
-0.03427552637418676,0.34897815670546034,-0.034429917810583556,-0.6097471802262477,1
-0.02729596324007755,0.15435397933137665,-0.046624861415108514,-0.32810432658046595,0
-0.024208883653450017,-0.040074262703753805,-0.053186947946717834,-0.05048164683605044,0
-0.02501036890752509,-0.23439482080990998,-0.054196580883438844,0.22495741821334647,0
-0.029698265323723293,-0.038541858828243125,-0.049697432519171914,-0.08431667129326842,1
-0.030469102500288156,0.15725595338530132,-0.05138376594503728,-0.39225580449411995,1
-0.02732398343258213,-0.03710057068474901,-0.05922888203491968,-0.11620598243850011,0
-0.02806599484627711,0.15881781336277945,-0.061553001683689684,-0.42697135098792777,1
-0.024889638579021524,0.35475510530340254,-0.07009242870344824,-0.7384058507254928,1
-0.017794536472953475,0.5507713911651521,-0.08486054571795809,-1.0522986162450034,1
-0.006779108649650433,0.35687098907518977,-0.10590651804285817,-0.7874137047599613,0
0.0003583111318533625,0.1633508461174125,-0.1216547921380574,-0.5298382318268895,0
0.0036253280542016125,-0.029868586944239994,-0.13225155677459519,-0.2778295087067152,0
0.0030279563153168126,-0.22288024859943148,-0.13780814694872948,-0.029608939950502483,0
-0.0014296486566718171,-0.41578450870122025,-0.13840032574773953,0.21661672208627228,0
-0.009745338830696223,-0.6086845224823355,-0.13406799130601407,0.46264004352888755,0
-0.021919029280342932,-0.8016823001620406,-0.12481519043543632,0.7102408485728338,0
-0.037952675283583745,-0.6050730729942939,-0.11061037346397964,0.3810207726985011,1
-0.050054136743469625,-0.4085685469446709,-0.10298995801000962,0.05561209011623053,1
-0.058225507682363044,-0.6020745509527756,-0.10187771620768502,0.3141075295588563,0
-0.07026699870141856,-0.7956088342346735,-0.0955955656165079,0.5730034647433391,0
-0.08617917538611203,-0.98926961590797,-0.0841354963216411,0.8341060098201494,0
-0.10596456770427143,-1.1831474838148393,-0.06745337612523812,1.099187441412647,0
-0.1296275173805682,-1.3773198899862398,-0.045469627296985185,1.3699674372449726,0
-0.157173915180293,-1.1816595430083359,-0.018070278552085733,1.063416793912451,1
-0.18080710604045971,-0.9863030964400695,0.003198057326163288,0.7651175930205938,1
-0.2005331679692611,-1.1814689396224034,0.018500409186575164,1.058805087992215,0
-0.22416254676170916,-1.3768310279905231,0.03967651094641947,1.3572368827862855,0
-0.25169916732151965,-1.5724275965983818,0.06682124860214518,1.6620626650893087,0
-0.2831477192534873,-1.378144535874842,0.10006250190393134,1.3909192795076462,1
-0.31071060997098415,-1.1844009854281865,0.12788088749408427,1.1311269421078052,1
-0.33439862967954787,-1.3809439106680237,0.15050342633624036,1.4610285775075713,0
-0.3620175078929083,-1.1879531613891716,0.1797239978863918,1.2188960360946366,1
-0.38577657112069175,-1.3848779316347035,0.20410191860828453,1.562080269554353,0
0.022534096898620598,0.1844475680301905,-0.03060257665798764,-0.3019809641908084,1
0.026223048259224408,-0.010225157736727386,-0.036642195941803804,-0.019104353979563227,0
0.026018545104489862,0.18540260249593354,-0.03702428302139507,-0.3231194166660305,1
0.02972659715440853,-0.009173114388124709,-0.04348667135471568,-0.04233851391574772,0
0.02954313486664604,-0.2036453724485912,-0.04433344163303063,0.23631304101242478,0
0.025470227417674213,-0.39810681667867576,-0.03960718081278213,0.5146888379025545,0
0.017508091084100695,-0.5926492514862357,-0.02931340405473104,0.7946321649136913,0
0.005655106054375981,-0.3971374886134851,-0.013420760756457213,0.4928736038377361,1
-0.002287643717893721,-0.20182884164506928,-0.0035632886797024917,0.19599143155277104,1
-0.006324220550795107,-0.3968996428296408,0.00035653995135292906,0.4875481710623679,0
-0.014262213407387921,-0.20178272404564448,0.010107503372600288,0.194977634232405,1
-0.01829786788830081,-0.006806801914519073,0.014007056057248387,-0.09449975440431735,1
-0.01843400392659119,-0.202126682697185,0.01211706096916204,0.20256926609061615,0
-0.02247653758053489,-0.00718010001856334,0.016168446290974362,-0.08626681243266393,1
-0.022620139580906154,-0.2025300362584032,0.014443110042321083,0.2114731077755284,0
-0.02667074030607422,-0.0076175363078408165,0.018672572197831652,-0.07661902139597326,1
-0.026823091032231038,0.18723182164713145,0.01714019176991219,-0.36335268973365076,1
-0.02307845459928841,-0.008129490045614807,0.009873137975239173,-0.06531479733794276,0
-0.023241044400200705,-0.2033915935385631,0.008566842028480317,0.23046673797922373,0
-0.027308876270971966,-0.008393100563422906,0.013176176788064792,-0.05950164748131259,1
-0.027476738282240426,0.1865374762630868,0.01198614383843854,-0.3479984475388864,1
-0.02374598875697869,0.3814869119599499,0.005026174887660812,-0.6368777534809824,1
-0.016116250517779693,0.1862952290051289,-0.007711380181958836,-0.3426162381084386,0
-0.012390345937677114,-0.008716168739798913,-0.01456370494412761,-0.05237496207284531,0
-0.012564669312473091,0.1866115476164246,-0.015611204185584517,-0.3496170430748836,1
-0.0088324383601446,-0.008284938843358819,-0.022603545047082188,-0.06189744389169116,0
-0.008998137137011777,0.18715368029146875,-0.02384149392491601,-0.36162536199799744,1
-0.005255063531182401,-0.007621420609612628,-0.031074001164875957,-0.07655447698705792,0
-0.005407491943374653,0.1879319007800663,-0.03260509070461712,-0.3788771378731551,1
-0.001648853927773327,0.3835013525411406,-0.04018263346208022,-0.6816595964066813,1
0.006021173123049485,0.5791576471369861,-0.053815825390213845,-0.9867176490708017,1
0.017604326065789207,0.7749573612032472,-0.07355017837162989,-1.295806241528706,1
0.03310347328985415,0.9709325188896071,-0.09946630320220401,-1.610578483434544,1
0.05252212366764629,0.7771162108301222,-0.13167787287089489,-1.3504858812244043,0
0.06806444788424873,0.5838710961190757,-0.15868759049538297,-1.1017291131455014,0
0.07974186980663024,0.3911519400210538,-0.180722172758293,-0.8627410943166023,0
0.08756490860705132,0.19888970833427788,-0.19797699464462504,-0.6318880480960215,0
0.011962685035584354,-0.1448911312406142,-0.049111560100765686,0.27738108946794626,0
0.009064862410772069,0.05089580916239625,-0.04356393831140676,-0.030378216873312547,1
0.010082778594019993,-0.14357521273703353,-0.04417150264887301,0.24824780987614947,0
0.0072112743392793235,0.0521488195189814,-0.03920654645135002,-0.05803407320234649,1
0.008254250729658952,0.2478103494841016,-0.04036722791539695,-0.3628245975472992,1
0.013210457719340984,0.443482096333802,-0.04762371986634294,-0.6679578551409683,1
0.022080099646017023,0.24905362616303364,-0.060982876969162304,-0.3906418946136221,0
0.027061172169277697,0.44498567083216706,-0.06879571486143475,-0.7019114957295529,1
0.03596088558592104,0.6409903310871796,-0.0828339447760258,-1.0154330044780653,1
0.04878069220766463,0.44706482064509645,-0.10314260486558711,-0.7498674673526088,0
0.05772198862056656,0.25350527119974997,-0.11813995421263929,-0.49134133511738265,0
0.06279209404456156,0.06023060289776802,-0.12796678091498695,-0.23810254616253762,0
0.06399670610251691,-0.1328530515495355,-0.1327288318382377,0.011635152015434608,0
0.0613396450715262,0.06389799528659734,-0.132496128797929,-0.3198034203881952,1
0.06261760497725814,-0.1291126299507799,-0.1388921972056929,-0.07166501350541576,0
0.06003535237824254,-0.32199835669809174,-0.14032549747580123,0.17417419184092545,0
0.05359538524428071,-0.5148622258782076,-0.1368420136389827,0.4195059356156027,0
0.043298140726716554,-0.7078067701000239,-0.12845189492667067,0.6661110976895264,0
0.029142005324716076,-0.5111543968601309,-0.11512967297288014,0.33590166025233753,1
0.01891891738751346,-0.3145983069495971,-0.10841163976783338,0.00924595975710002,1
0.012626951248521517,-0.508011957754896,-0.10822672057269138,0.26585257563560066,0
0.0024667120934235964,-0.3115251594259397,-0.10290966905997936,-0.05890979198882085,1
-0.003763791095095198,-0.5050325595224894,-0.10408786489975579,0.19961360544614182,0
-0.013864442285544986,-0.6985236987412622,-0.10009559279083295,0.45773287581969646,0
-0.02783491626037023,-0.8920986903575057,-0.09094093527443903,0.7172629996589402,0
-0.04567689006752035,-1.0858522512137385,-0.07659567528126023,0.9799925785662198,0
-0.06739393509179512,-1.2798685712822602,-0.05699582370993583,1.2476666551562077,0
-0.09299130651744032,-1.0840639903441909,-0.03204249060681168,0.937689010335855,1
-0.11467258632432414,-1.2787395814889562,-0.013288710400094574,1.2201336214260492,0
-0.14024737795410328,-1.083448896556731,0.011113962028426409,0.9233166925351253,1
-0.1619163558852379,-1.2787192168169603,0.029580295879128915,1.2194715208166058,0
-0.1874907402215771,-1.0839907965427584,0.05396972629546103,0.936202009520793,1
-0.20917055615243227,-0.8896366029991633,0.07269376648587689,0.6609545902105864,1
-0.22696328821241554,-1.0856907917828602,0.08591285829008861,0.9756123457042534,0
-0.24867710404807275,-1.2818534422016787,0.10542510520417368,1.293998398579514,0
-0.2743141728921063,-1.088217252971627,0.13130507317576395,1.0360943379513314,1
-0.29607851795153883,-0.8950619921392237,0.1520269599347906,0.7873483651277664,1
-0.3139797577943233,-0.7023187506555709,0.1677739272373459,0.5460920676216123,1
-0.3280261328074347,-0.8993513250197633,0.17869576858977815,0.8865855657322959,0
-0.34601315930782994,-0.7070461756035595,0.19642747990442405,0.6549785418181386,1
-0.00655553444002954,0.23614015169767727,0.02800565628679188,-0.2719742910675586,1
-0.0018327314060759946,0.0406300063533698,0.022566170465440707,0.029408514739676483,0
-0.0010201312790085986,-0.15480816691472382,0.023154340760234236,0.3291250263248867,0
-0.004116294617303075,-0.35025195422476163,0.02973684128673197,0.6290188922300818,0
-0.011121333701798308,-0.15555733799107038,0.04231721913133361,0.3458474246483457,1
-0.014232480461619715,0.03893791374180908,0.04923416762430052,0.06680327648123763,1
-0.013453722186783534,-0.15685407392130263,0.050570233153925274,0.37460437770453014,0
-0.016590803665209587,0.03751444256691536,0.058062320708015876,0.09828563695105319,1
-0.01584051481387128,0.23175825086984325,0.06002803344703694,-0.1755283500336991,1
-0.011205349796474414,0.4259720370099017,0.056517466446362956,-0.4486866745912065,1
-0.0026859090562763796,0.23009809386756752,0.04754373295453883,-0.13873759331848068,0
0.0019160528210749707,0.42450798756636954,0.044768981088169214,-0.41605031975431916,1
0.010406212572402363,0.6189678023872968,0.036447974693082835,-0.694290095368616,1
0.0227855686201483,0.8135657288213399,0.022562172785710516,-0.9752797883996753,1
0.0390568831965751,0.6181485257028461,0.0030565770177170097,-0.6755958726098785,0
0.05141985371063202,0.4229842334681604,-0.010455340434480561,-0.3819521695285164,0
0.059879538379995226,0.22801228757536338,-0.01809438382505089,-0.09258404952230614,0
0.06443978413150249,0.42338885074517063,-0.019946064815497013,-0.3909203784476937,1
0.0729075611464059,0.6187881208234421,-0.027764472384450886,-0.6898247356839443,1
0.08528332356287474,0.8142841384713286,-0.04156096709812977,-0.9911174496919676,1
0.10156900633230131,1.0099369158629852,-0.06138331609196912,-1.296558593905254,1
0.12176774464956103,0.815645971222558,-0.0873144879700742,-1.0237064218879912,0
0.13808066407401218,0.6217885915278909,-0.10778861640783402,-0.7596659526731334,0
0.15051643590457,0.42830382209060947,-0.12298193546129668,-0.5027516770120511,0
0.1590825123463822,0.23511035801638352,-0.13303696900153772,-0.2512158099043525,0
0.1637847195067099,0.04211421797562048,-0.13806128519962477,-0.0032772743045368646,0
0.1646270038662223,0.23891836047881437,-0.13812683068571552,-0.33613569686300904,1
0.1694053710757986,0.046004676415893175,-0.1448495446229757,-0.09000151832420472,0
0.17032546460411646,-0.146776099062626,-0.1466495749894598,0.15370433456486818,0
0.16738994262286394,0.05010802359372685,-0.14357548829816244,-0.18141248176241856,1
0.16839210309473848,0.24696139628415245,-0.14720373793341082,-0.5157206453553023,1
0.17333133102042153,0.054185589031960274,-0.15751815084051687,-0.27280598739881,0
0.17441504280106074,0.25116334161387743,-0.16297427058849306,-0.610733700255685,1
0.1794383096333383,0.44814292675384804,-0.17518894459360676,-0.9499904424824839,1
0.18840116816841526,0.6451349139525135,-0.19418875344325642,-1.292198066114082,1
